;;;;standardní balení;;;;balení 1;;;;balení 2;;;;;nákup;;;;;;
druh;nazev;e-shop;poznamka;std.balení g;MOC sáčku;VOC sáčku;%;g;cena MO;cena VO;%;g;cena MO;cena VO;%;;kg;standard;vzorek;bal-1;bal-2;TAO %;obch.%
Bílé;Show Mee;;;30;130;95;36,9;200;700;560;25;500;1680;1370;22,7;;2070;73;10;429;1050;78,1;36,9
Bílé;Bai Mu Dan KING;;;30;220;162;35,9;200;1270;1010;25,8;500;3050;2490;22,5;;3800;124;10;775;1915;77,5;35,9
Bílé;Bai Xue Long;;;30;170;121;40,5;200;950;740;28,4;500;2230;1810;23,3;;2750;93;10;565;1390;82,8;40,5
Bílé;Bai Mu Dan - Yunnan;;;30;150;95;57,9;200;750;570;31,6;500;1800;1390;29,5;;2100;73;10;435;1065;105,5;57,9
Bílé;Pai Mu Tan King Ji Pin;;;25;530;407;30,3;100;1950;1600;21,9;250;4790;3960;21;;12100;313;10;1225;3040;69,4;30,3
Bílé;Arya Tara Silver Tips;;;30;250;150;66,7;200;1190;930;28;500;2850;2300;24;;3500;115;10;715;1765;117,4;66,7
Bílé;Schvitobauri Wild White Gruzie;;;30;200;146;37;200;1140;910;25,3;500;2720;2230;22;;3400;112;10;695;1715;78,6;37
Bílé;Koláč YUNAN BMD orijin 200g;;;200;590;455;29,7;;;;;1000;2790;2230;25,2;;1700;350;10;15;1715;68,6;29,7
Bílé;Koláč BMD/SM/YGB 100g;;ruzne druhy;100;450;273;64,9;;;;;;;;;;2000;210;10;15;15;114,3;64,9
Bílé;Mini lisovaný BMD 7g;;;7;60;39;53,9;;;;;;;;;;2850;30;10;15;15;100;53,9
Bílé;Čokoláda Gong mei (to znamena tips a dva listky);;už není!;100;850;585;45,3;;;;;;;;;;4400;450;10;15;15;88,9;45,3
Bílé;Assam GINGIA;;;25;280;203;38;;;;;;;;;;5400;145;10;15;15;93,2;27,5
Bílé;Chen Pi - Show Mei - Mandarinky;;;50;250;180;38,9;200;890;690;29;500;2100;1680;25;;2550;138;10;525;1290;81,2;38,9
Bílé;Yue Guang Bai - ARCHIV 2019;;máme 2kg;30;250;180;38,9;100;750;570;31,6;;;;;;3000;100;10;315;15;150;28
Bílé;Yue Guang Bai 2023;;;30;190;145;31,1;200;1020;800;27,5;500;2450;1970;24,4;;3000;100;10;615;1515;90;23,7
Zelené  Japonské ;Bancha Kagoshima;;;50;160;124;29,1;200;630;490;28,6;500;1490;1190;25,3;;1800;95;10;375;915;68,5;22,5
Zelené  Japonské ;Genmaicha;;;40;150;111;35,2;200;670;530;26,5;500;1650;1310;26;;2000;85;10;405;1005;76,5;26
Zelené  Japonské ;Gyokuro Yabukita/Saemidori (nejlevnější gyokuro);;;50;360;280;28,6;100;720;560;28,6;250;1690;1380;22,5;;4200;215;10;425;1055;67,5;22,3
Zelené  Japonské ;Gyokuro Matsu no Midori;;;50;460;364;26,4;100;890;730;22;250;2210;1800;22,8;;5500;280;10;555;1380;64,3;20,9
Zelené  Japonské ;Gyokuro Jin;;;50;420;319;31,7;100;820;640;28,2;250;2000;1570;27,4;;4800;245;10;485;1205;71,5;24,1
Zelené  Japonské ;Gyokuro Tezumi Ujihikari;;na zkoušku;50;890;644;38,2;;;;;;;;;;9800;495;10;5;5;79,8;27,7
Zelené  Japonské ;Gyokuro Fuuki;;;50;680;533;27,6;100;1340;1060;26,5;;;;;;8100;410;10;815;5;65,9;21,7
Zelené  Japonské ;Gyokuro Gokoh;;;50;590;455;29,7;100;1150;910;26,4;;;;;;6900;350;10;695;5;68,6;22,9
Zelené  Japonské ;Kabuse Yabukita Midori;;;50;430;332;29,6;100;850;660;28,8;250;2090;1640;27,5;;5000;255;10;505;1255;68,7;22,8
Zelené  Japonské ;Kabuse Yabukita Miyakonojo;;;50;350;260;34,7;100;690;520;32,7;250;1650;1280;29;;3900;200;10;395;980;75;25,8
Zelené  Japonské ;Hojicha Kyo Bancha;;;30;120;88;36,4;100;350;270;29,7;500;1590;1260;26,2;;1900;67;10;205;965;79,2;26,7
Zelené  Japonské ;Kukicha Nunosawa;;;50;270;208;29,9;200;1050;830;26,6;500;2490;2040;22,1;;3100;160;10;635;1565;68,8;23
Zelené  Japonské ;Kukicha Sakuraba;;;50;270;208;29,9;150;790;630;25,4;500;2490;2040;22,1;;3100;160;10;480;1565;68,8;23
Zelené  Japonské ;Kukicha Yuzu;;;50;270;208;29,9;150;790;630;25,4;500;2490;2040;22,1;;3100;160;10;480;1565;68,8;23
Zelené  Japonské ;Matcha základní;;;20;200;154;29,9;100;720;560;28,6;500;3290;2720;21;;4150;118;10;430;2090;69,5;23
Zelené  Japonské ;Matcha na čajový obřad - Hatsumukashi;;;40;780;592;31,8;200;3700;2950;25,5;;;;;;11250;455;10;2265;15;71,5;24,2
Zelené  Japonské ;Sencha Yabukita Miyazaki (zlatá);;možá už nebude;50;220;176;25;150;650;520;25;500;2100;1700;23,6;;2600;135;10;395;1305;63;20
Zelené  Japonské ;Sencha Yabukita Kagoshima (zelená);;;50;220;169;30,2;150;640;500;28;500;1990;1640;21,4;;2500;130;10;380;1255;69,3;23,2
Zelené  Japonské ;Sencha Fukamushi Shiran Saemidori Premium;;;50;490;312;57,1;150;1250;930;34,5;;;;;;4700;240;10;710;5;104,2;36,4
Zelené  Japonské ;Sencha Fukamushi Sakimidori;;;50;350;247;41,8;150;970;730;32,9;;;;;;3700;190;10;560;5;84,3;29,5
Zelené  Japonské ;Sencha Tsuyuhikari;;;50;320;247;29,6;150;930;730;27,4;;;;;;3700;190;10;560;5;68,5;22,9
Zelené  Japonské ;Sencha Chumushi Saemidori;;;50;290;241;20,4;150;870;710;22,6;;;;;;3600;185;10;545;5;56,8;16,9
Zelené  Japonské ;Sencha Harumidori;;;50;310;247;25,6;150;900;730;23,3;;;;;;3700;190;10;560;5;63,2;20,4
Zelené  Japonské ;Sencha Bergamot;;;50;290;221;31,3;150;850;650;30,8;;;;;;3300;170;10;500;5;70,6;23,8
Zelené  Japonské ;Tamacha;;;50;270;208;29,9;150;790;620;27,5;500;2490;2030;22,7;;3100;160;10;470;1555;68,8;23
Zelené  Japonské ;Kamairicha Koushun;;;50;350;273;28,3;150;1030;810;27,2;;;;;;4100;210;10;620;5;66,7;22
Zelené  Japonské ;Kamairicha Yabukita Saitama;;;50;490;371;32,1;150;1390;1100;26,4;;;;;;5600;285;10;845;5;72;24,3
Zelené  Japonské ;Guricha Yabujita;;;50;320;247;29,6;150;930;730;27,4;;;;;;3700;190;10;560;5;68,5;22,9
Zelené  Japonské ;Kamairicha Okumidori;;;50;330;254;30;150;950;750;26,7;;;;;;3800;195;10;575;5;69,3;23,1
Zelené Čínské ;Chun Mee;;;50;120;85;41,2;200;390;310;25,9;500;930;740;25,7;;1100;65;10;235;565;84,7;29,2
Zelené Čínské ;Gunpowder ;;;50;120;78;53,9;200;370;280;32,2;500;880;670;31,4;;1000;60;10;215;515;100;35
Zelené Čínské ;Tai Pink Hou Kui ;;;30;350;247;41,8;200;1990;1580;26;500;4890;3920;24,8;;6000;190;10;1215;3015;84,3;29,5
Zelené Čínské ;Lu Xue Ya;;;40;160;123;30,1;200;730;570;28,1;500;1750;1390;25,9;;2100;94;10;435;1065;70,3;23,2
Zelené Čínské ;Long Jing Xi Hu;;;40;170;128;32,9;200;770;600;28,4;500;1850;1450;27,6;;2200;98;10;455;1115;73,5;24,8
Zelené Čínské ;Long Jing Shi Feng;;;40;330;260;27;200;1590;1260;26,2;500;3890;3110;25,1;;4750;200;10;965;2390;65;21,3
Zelené Čínské ;Meng Ding Mao Feng;;;40;220;167;31,8;200;990;790;25,4;500;2440;1940;25,8;;2950;128;10;605;1490;71,9;24,1
Zelené Čínské ;Meng Ding Si Bei Xiang;;;40;190;149;27,6;200;880;700;25,8;500;2150;1710;25,8;;2600;114;10;535;1315;66,7;21,6
Zelené Čínské ;Pi Luo Chun;;;40;190;143;32,9;200;850;670;26,9;500;2080;1650;26,1;;2500;110;10;515;1265;72,8;24,8
Zelené Čínské ;Song Luo;;;40;190;146;30,2;200;860;680;26,5;500;2100;1670;25,8;;2530;112;10;521;1280;69,7;23,2
Zelené Čínské ;Yunnan Mao Jian;;;40;230;169;36,1;200;1050;800;31,3;500;2490;1970;26,4;;3000;130;10;615;1515;77;26,6
Zelené Čínské ;Gou Qing - zelené háčky;;;50;170;130;30,8;200;620;490;26,6;500;1490;1190;25,3;;1800;100;10;375;915;70;23,6
Zelené Čínské ;Lu Bao Shi;;;40;240;185;29,8;200;1120;880;27,3;500;2730;2170;25,9;;3300;142;10;675;1665;69,1;23
Zelené Čínské ;Lü Mao Hou ;;;40;130;95;36,9;200;550;430;28;500;1290;1040;24,1;;1560;73;10;327;795;78,1;27
Zelené Čínské Jasmínové;Tai Mu Long - Moli Hua;;;50;240;169;42,1;200;830;650;27,7;500;1990;1580;26;;2400;130;10;495;1215;84,7;29,6
Zelené Čínské Jasmínové;Jasmín Mandarín - základní;;;50;100;72;38,9;200;320;250;28;500;750;610;23;;900;55;10;190;465;81,9;28
Zelené Čínské Jasmínové;Hua Cha White King;;;50;180;137;31,4;200;670;520;28,9;500;1590;1260;26,2;;1900;105;10;395;965;71,5;23,9
Zelené Čínské Jasmínové;Yin Luo - tipsový jasmínový čaj;;;40;220;158;39,3;200;950;740;28,4;500;2300;1820;26,4;;2760;121;10;567;1395;81,9;28,2
Zelené  Vietnamské;Trá Sen - Lotosový čaj;;;100;140;75;86,7;200;240;150;60;500;390;330;18,2;;400;50;10;95;215;180;46,5
Zelené  Vietnamské;Vietnamský jasmínový čaj ;;;100;140;75;86,7;200;240;150;60;500;390;330;18,2;;400;50;10;95;215;180;46,5
Zelené  Vietnamské;Vietnam Che Thai;;;100;140;75;86,7;200;240;150;60;500;390;330;18,2;;400;50;10;95;215;180;46,5
Zelené Nepálské;Kalapani Special Green;;;50;170;130;30,8;200;640;490;30,7;500;1490;1190;25,3;;1800;100;10;375;915;70;23,6
Zelené Nepálské;Ilam panithar premium;;;50;170;130;30,8;200;640;490;30,7;500;1490;1190;25,3;;1800;100;10;375;915;70;23,6
Zelené Nepálské;Ilam PEARL;;;50;250;195;28,3;200;950;750;26,7;500;2300;1840;25;;2800;150;10;575;1415;66,7;22
Žluté;Yellow Amber;;;50;180;70;157,2;200;550;220;150;500;890;530;68;;500;35;10;110;265;414,3;61,2
Žluté;Yunnan huang cha;;;40;200;143;39,9;100;450;340;32,4;250;1090;840;29,8;;2500;110;10;260;640;81,9;28,5
Čínský Oolong An Xi;Huang Jin Gui;;;50;220;169;30,2;250;1010;800;26,3;500;1990;1580;26;;2400;130;10;615;1215;69,3;23,2
Čínský Oolong An Xi;Tie Guan Yin;;;50;260;201;29,4;250;1120;890;25,9;500;2200;1750;25,8;;2650;143;10;678;1340;81,9;22,7
Čínský Oolong Dan Cong;;;;;;;;;;;;;;;;;;;;;;;
Čínský Oolong Dan Cong;Phoenix Ba Xian Xiang;;;40;290;211;37,5;200;1290;1010;27,8;500;3100;2490;24,5;;3800;162;10;775;1915;79,1;27,3
Čínský Oolong Dan Cong;Phoenix Dan Cong Mi Lan;;;40;250;177;41,3;200;1100;840;31;500;2600;2070;25,7;;3150;136;10;645;1590;83,9;29,2
Čínský Oolong Dan Cong;Phoenix Huang Zhi Xiang;;;40;250;169;48;200;1100;800;37,5;500;2600;1970;32;;3000;130;10;615;1515;92,4;32,4
Čínský Oolong Wu Yi Shan;Da Hong Pao;;;30;220;162;35,9;200;1290;1010;27,8;500;3150;2490;26,6;;3800;124;10;775;1915;77,5;26,4
Čínský Oolong Wu Yi Shan;Shui Xian;;;40;160;117;36,8;200;690;540;27,8;500;1670;1320;26,6;;2000;90;10;415;1015;77,8;26,9
Čínský Oolong Wu Yi Shan;Qi Lan;;;30;290;216;34,3;200;1790;1380;29,8;500;4300;3400;26,5;;5200;166;10;1055;2615;74,7;25,6
Čínský Oolong Wu Yi Shan;Krabička - Shi Ru;;;8;80;60;33,4;;;;;;;;;;5000;40;;;;;
Čínský Oolong Wu Yi Shan;Krabička - Da Hong Pao;;;8;80;60;33,4;;;;;;;;;;5000;40;;;;;
Čínský Oolong Wu Yi Shan;Krabička - Rou Gui;;;8;80;60;33,4;;;;;;;;;;5000;40;;;;;
Čínský Oolong Wu Yi Shan;Krabička - Tie Luo Han;;;8;80;60;33,4;;;;;;;;;;5000;40;;;;;
Čínský Oolong Wu Yi Shan;Qi Zhong;;;50;240;180;33,4;200;900;690;30,5;500;2100;1680;25;;2550;138;10;525;1290;74;25
Taiwan Oolong ;Dung Ding Supergrade;;;50;590;439;34,4;200;2200;1720;28;500;5350;4270;25,3;;6530;337;10;1321;3280;75,1;25,6
Taiwan Oolong ;Dung Ding Organic;;už nebude, skladem cca200g;50;280;221;26,7;200;1080;860;25,6;500;2630;2100;25,3;;3200;170;10;655;1615;64,8;21,1
Taiwan Oolong ;Gaba oolong;;;50;350;221;58,4;200;1100;860;28;500;2650;2100;26,2;;3200;170;10;655;1615;105,9;36,9
Taiwan Oolong ;Gao Shan Jin Xuan;;;50;550;388;41,8;200;2000;1520;31,6;500;4690;3770;24,5;;5760;298;10;1167;2895;84,6;29,5
Taiwan Oolong ;Gui Fei ;;;50;360;262;37,5;200;1320;1020;29,5;500;3150;2510;25,5;;3820;201;10;779;1925;79,2;27,3
Taiwan Oolong ;Gui Hua ;;;50;280;198;41,5;200;990;760;30,3;500;2350;1860;26,4;;2830;152;10;581;1430;84,3;29,3
Taiwan Oolong ;Hong Shui;;;50;470;367;28,1;200;1820;1440;26,4;500;4380;3560;23,1;;5440;282;10;1103;2735;66,7;22
Taiwan Oolong ;Jin Xuan Nai Xiang - SYPANÝ;;nevkládat;50;300;225;33,4;250;1350;1080;25;500;2690;2140;25,8;;3250;173;10;828;1640;73,5;25
Taiwan Oolong ;Oriental Beauty;;sypaná (bude jen jedna + nas taiwan);40;390;271;44;100;860;670;28,4;250;2090;1630;28,3;;4950;208;10;510;1253;87,5;30,6
Taiwan Oolong ;Si Ji Chun;;;50;310;238;30,3;250;1470;1150;27,9;500;2850;2270;25,6;;3450;183;10;878;1740;69,4;23,3
Taiwan Oolong ;Mei Shan Jin Xuan;;;50;380;299;27,1;200;1480;1170;26,5;500;3630;2880;26,1;;4400;230;10;895;2215;65,3;21,4
Taiwan Oolong ;Jin Xuan Nai XIang - VAKUOVANÝ;;;50;350;203;72,5;250;1090;840;29,8;500;2130;1650;29,1;;2500;135;10;640;1265;159,3;42
Taiwan Oolong ;Ren Shen - Ženšen oolong;;;40;350;242;44,7;250;1850;1450;27,6;500;3600;2880;25;;4390;186;10;1113;2210;88,2;30,9
Taiwan Oolong ;Bao Zhong;;;50;300;208;44,3;200;1050;800;31,3;500;2490;1970;26,4;;3000;160;10;615;1515;87,5;30,7
Taiwan Oolong ;Bao Zhong Pinglin;;;50;320;241;32,8;200;1190;930;28;500;2890;2300;25,7;;3500;185;10;715;1765;73;24,7
Taiwan Oolong ;Son La Red - VIETNAM;;;50;360;260;38,5;200;1290;1010;27,8;500;3150;2490;26,6;;3800;200;10;775;1915;80;27,8
Taiwan Oolong ;Oriental Beauty ;;;50;440;273;61,2;100;750;540;38,9;250;1650;1320;25;;4000;210;10;415;1015;109,6;38
Taiwan Oolong ;Ali Shan;;už nebude, skladem asi 100g, resp bude, ale až prodame naše taiwany - neni to špatnej čaj, je levnej a dobrej.. ale nabidka je už moc velka;50;350;225;55,6;200;1200;870;38;500;2790;2140;30,4;;3250;173;10;665;1640;102,4;35,8
Ostatní;Dong Ding - Ming Rui Qing Xin;x;Alishan 1500 m.n.m.;50;550;270;103,8;100;990;530;86,8;300;2250;1490;51,1;;1600;90;10;175;495;511,2;51
Ostatní;Dong Ding - Lin Qing Xin;x;Sun Link Sea 1600 m.n.m.;30;350;273;28,3;100;1160;860;34,9;300;2790;2480;12,5;;2700;91;10;285;825;284,7;22
Ostatní;Dong Ding - Fang Qing Xin;x;Li Shan - Huagang 2100 m.n.m.;25;550;450;22,3;50;1100;890;23,6;150;2900;2570;12,9;;5600;150;10;295;855;266,7;18,2
Ostatní;Dong Pei - Ming Rui Qing Xin;x;Alishan 1500 m.n.m. Roasted 30%;40;390;294;32,7;100;975;710;37,4;300;2900;2030;42,9;;2200;98;10;235;675;298;24,7
Ostatní;Dong Pei - Wu Qing Xin;x;Fushou Shan 2100 m.n.m.;40;590;450;31,2;;;;;;;;;;3500;150;10;15;15;293,4;23,8
Ostatní;Gao Shan - Lin Qing Xin;x;Sun Link Sea 1700 m.n.m.;30;350;273;28,3;100;1160;860;34,9;300;2790;2480;12,5;;2700;91;10;285;825;284,7;22
Ostatní;Gao Shan - Fang Qing Xin;x;Li Shan - Huagang 2300 m.n.m.;25;550;450;22,3;50;1100;890;23,6;;;;;;5600;150;10;295;15;266,7;18,2
Ostatní;Gao Shan - Ming Rui Qing Xin;x;Alishan 1500 m.n.m.;50;490;300;63,4;100;950;590;61,1;300;2500;1670;49,8;;1800;100;10;195;555;390;38,8
Ostatní;Gao Shan - Ming Rui Qing Xin ;x;Alishan 1400 m.n.m. Roasted 15%;30;350;192;82,3;100;980;590;66,2;300;2500;1670;49,8;;1800;64;10;195;555;446,9;45,2
Ostatní;Gao Shan - Ming Rui Jin Xuan no. 12;x;Alishan 1500 m.n.m.;30;350;228;53,6;100;980;710;38,1;300;2700;2030;33,1;;2200;76;10;235;675;360,6;34,9
Ostatní;Gao Shan - Ming Rui Qing Yun no.20;x;Shan Lin Xi 1300 m.n.m.;50;550;360;52,8;100;1050;710;47,9;300;2800;2030;38;;2200;120;10;235;675;358,4;34,6
Ostatní;Gao Shan - Sheng Qing Xin;x;Fushou Shan 2500 m.n.m.;25;480;315;52,4;50;950;620;53,3;;;;;;3800;105;10;205;15;357,2;34,4
Ostatní;Gao Shan - Wu Qing Xin - Old Tree;x;Huagang Li Shan 2400 m.n.m.;25;480;414;16;50;920;810;13,6;150;2620;2340;12;;5100;138;10;270;780;247,9;13,8
Ostatní;Gao Shan - Wu Qing Xin;x;Fushou Shan 2100 m.n.m.;25;390;300;30;50;850;590;44,1;150;2450;1670;46,8;;3600;100;10;195;555;290;23,1
Ostatní;Gao Shan - Jiang Qing Xin;x;Li Shan - 1800 m.n.m.;150;2280;1740;31,1;;;;;;;;;;3800;580;10;15;15;293,2;23,7
Ostatní;Gui Fei - Sheng Qing Xin;x;Deer Valley - 800 m.n.m.;30;350;210;66,7;100;950;650;46,2;300;2700;1850;46;;2000;70;10;215;615;400;40
Ostatní;Hong Shui - Ming Rui Qing Xin;x;Alishan - 1500 m.n.m.;50;550;360;52,8;100;1050;710;47,9;300;2800;2030;38;;2200;120;10;235;675;358,4;34,6
Ostatní;Hong Pei - Aged - 2011 Shalixian;x;Yushan - 1500 m.n.m.;30;390;282;38,3;100;1450;890;63;;;;;;2800;94;10;295;15;314,9;27,7
Ostatní;Oriental Beauty - Youjie;x;Emei Lake - Competition Grade;30;590;462;27,8;60;1120;910;23,1;;;;;;4800;154;10;303;15;283,2;21,7
Ostatní;Oriental Beauty - Guo Quan Deng;x;Miaoli - Competition Grade;30;650;516;26;60;1250;1020;22,6;;;;;;5400;172;10;339;15;278;20,7
Ostatní;Oriental Beauty - Guo Quan Deng;x;Miaoli - Grade A;30;450;318;41,6;60;850;630;35;;;;;;3200;106;10;207;15;324,6;29,4
Čínské Červené ;Yunnan FOP;;;50;150;82;83;200;450;300;50;500;950;710;33,9;;1050;63;10;225;540;138,1;45,4
Čínské Červené ;Diang Hong Gong Fu;;;50;180;134;34,4;200;650;510;27,5;500;1560;1230;26,9;;1850;103;10;385;940;74,8;25,6
Čínské Červené ;Diang Hong Jin Zhen;;;40;200;133;50,4;200;790;620;27,5;500;1900;1520;25;;2300;102;10;475;1165;96,1;33,5
Čínské Červené ;Diang Hong Jin Hou;;;40;350;201;74,2;200;1250;960;30,3;500;2990;2360;26,7;;3600;154;10;735;1815;127,3;42,6
Čínské Červené ;Keemun Mao Feng;;;40;200;151;32,5;200;920;710;29,6;500;2200;1750;25,8;;2650;116;10;545;1340;72,5;24,5
Čínské Červené ;Tan Yang Yin Hao;;;40;210;162;29,7;200;990;770;28,6;500;2390;1880;27,2;;2850;124;10;585;1440;69,4;22,9
Čínské Červené ;Lapsang Souchong - Zhen Shan Xiao Zhong;;;40;160;110;45,5;200;700;510;37,3;500;1700;1230;38,3;;1850;84;10;385;940;90,5;31,3
Čínské Červené ;Phoenix Hong Cha;;;30;250;193;29,6;200;1560;1220;27,9;500;3790;3010;26;;4600;148;10;935;2315;69;22,8
Čínské Červené ;Jin Jun Mei;;;40;220;171;28,7;200;900;700;28,6;500;2150;1710;25,8;;2600;114;10;535;1315;93;22,3
Čínské Červené ;Tian Mu Hong Cha;;;40;190;146;30,2;200;870;690;26,1;500;2100;1680;25;;2550;112;10;525;1290;69,7;23,2
Čínské Červené ;Yunnan Ye Sheng;;;25;200;149;34,3;100;730;560;30,4;250;1720;1370;25,6;;4140;114;10;429;1050;75,5;25,5
Čínské Červené ;Wu Yi Hong Cha;;;40;240;188;27,7;200;1140;900;26,7;500;2750;2200;25;;3350;144;10;685;1690;66,7;21,7
Japonské Červené ;Koucha Kouchun;;;50;260;202;28,8;200;990;780;27;500;2420;1910;26,8;;2900;155;10;595;1465;67,8;22,4
Japonské Červené ;Koucha Yuzu;;;40;280;216;29,7;200;1340;1040;28,9;500;3230;2560;26,2;;3900;166;10;795;1965;68,7;22,9
Japonské Červené ;Yabemura Benifuuki;;;30;250;193;29,6;200;1550;1220;27,1;500;3790;3010;26;;4600;148;10;935;2315;69;22,8
Černý Darjeeling Indie Nepál;Earl Grey Natural;;;50;160;124;29,1;200;600;470;27,7;500;1450;1130;28,4;;1700;95;10;355;865;68,5;29,1
Černý Darjeeling Indie Nepál;Golden Tips - SF Arya Tara;;;30;220;146;50,7;200;1190;910;30,8;500;2800;2230;25,6;;3400;112;10;695;1715;96,5;50,7
Černý Darjeeling Indie Nepál;FF Nilgiri Kairbeta;;;50;260;208;25;200;990;800;23,8;500;2460;1970;24,9;;3000;160;10;615;1515;62,5;20
Černý Darjeeling Indie Nepál;FF Kalapani Basanth;;;40;200;159;25,8;100;490;390;25,7;250;1190;930;28;;2800;122;10;295;715;64;25,8
Černý Darjeeling Indie Nepál;SF Kalapani Special Black;;;40;200;159;25,8;100;490;390;25,7;250;1190;930;28;;2800;122;10;295;715;64;25,8
Černý Darjeeling Indie Nepál;FF Singbulli;;;40;230;182;26,4;100;570;450;26,7;250;1350;1080;25;;3250;140;10;340;828;64,3;20,9
Černý Darjeeling Indie Nepál;FF Arya Tara;;;40;180;133;35,4;200;790;620;27,5;500;1900;1520;25;;2300;102;10;475;1165;76,5;26,2
Černý Darjeeling Indie Nepál;SF Megalay Lakirsiew Black;;;40;230;180;27,8;100;550;440;25;250;1330;1060;25,5;;3200;138;10;335;815;66,7;21,8
Černý Darjeeling Indie Nepál;SF Puttabong;;;50;220;176;25;100;440;350;25,8;250;1050;840;25;;2500;135;10;265;640;63;20
Černý Darjeeling Indie Nepál;AF Seeyok;;;50;270;208;29,9;100;520;410;26,9;250;1250;1000;25;;3000;160;10;315;765;68,8;23
Černý Darjeeling Indie Nepál;FF Kangra Wah - Himachal Pradesh;;;40;200;169;18,4;100;500;410;22;250;1250;1000;25;;3000;130;10;315;765;53,9;15,5
Černý Darjeeling Indie Nepál;FF Giddapahar Wonder;;;40;220;182;20,9;200;1050;870;20,7;500;2500;2140;16,9;;3250;140;10;665;1640;57,2;17,3
Černý Darjeeling Indie Nepál;FF Tukdah;;;40;300;234;28,3;100;750;580;29,4;250;1850;1410;31,3;;4250;180;10;440;1078;66,7;22
Černý Darjeeling Indie Nepál;FF Goomtee;;;30;260;208;25;100;840;670;25,4;250;2060;1650;24,9;;5000;160;10;515;1265;62,5;20
Černý Assam;Assámský černý čaj - CTC;;;100;120;78;53,9;250;250;190;31,6;500;450;350;28,6;;500;60;10;140;265;100;35
Černý Assam;Yogi čaj;;;80;170;133;27,9;200;410;320;28,2;500;980;770;27,3;;1150;102;10;240;590;66,7;21,8
Černý Assam;Assam Mangalam - Základní;;;100;160;117;36,8;200;300;230;30,5;500;690;540;27,8;;800;90;10;175;415;77,8;26,9
Černý Assam;Assam Mangalam - TOPAZ;;;50;210;163;28,9;200;780;620;25,9;500;1900;1520;25;;2300;125;10;475;1165;68;22,4
Černý Assam;Assam Doomni;;;40;250;185;35,2;200;1150;880;30,7;500;2720;2170;25,4;;3300;142;10;675;1665;76,1;26
Černý Assam;Assam Mokalbari;;;40;250;185;35,2;200;1150;880;30,7;500;2650;2170;22,2;;3300;142;10;675;1665;76,1;26
Černý Assam;Assám Duflating;;;40;190;149;27,6;200;910;700;30;500;2090;1710;22,3;;2600;114;10;535;1315;66,7;21,6
Čaje Kenya;Tembo FOP;;;80;200;100;100;250;390;280;39,3;500;590;430;37,3;;500;50;10;140;265;300;50
Čaje Kenya;Dusk;;;80;150;100;50;250;320;270;18,6;500;590;430;37,3;;500;50;10;135;265;200;33,4
Čaje Kenya;ASILI green;;;50;180;70;157,2;200;490;220;122,8;500;850;530;60,4;;500;35;10;110;265;414,3;61,2
Černý Taiwan;Assam no.8;;;50;390;286;36,4;100;750;570;31,6;250;1790;1390;28,8;;4200;220;10;435;1065;77,3;26,7
Černý Taiwan;Ruan Zhi Hong Cha;;;40;250;164;52,5;100;550;400;37,5;250;1320;970;36,1;;2900;126;10;305;740;98,5;34,4
Ostatní;Jade - Ruby 18;x;Sun Moon Lake;30;390;240;62,5;100;920;1550;-40,7;;;;;;5000;160;10;515;15;143,8;38,5
Ostatní;Hong Yun - Ruby 21;x;Purple Buds - Sun Moon Lake;30;450;318;41,6;100;1350;1010;33,7;;;;;;3200;106;10;335;15;324,6;29,4
Ostatní;Shan Cha - Wild Camelia;x;Amigo - Sun Moon Lake;50;270;270;0;100;530;530;0;;;;;;1600;90;10;175;15;200;0
Ostatní;Shan Cha - Zih Ya - Wild Camelia;x;Purple Buds - Sun Moon Lake;30;390;318;22,7;100;1250;1010;23,8;;;;;;3200;106;10;335;15;268;18,5
Ostatní;Hong Cha Qing Xin Da Po;x;Emei Lake - dóza;25;390;234;66,7;100;1050;860;22,1;;;;;;2700;78;10;285;15;400;40
Černý Ceylon;Ceylonský černý čaj - Základní ;;;100;120;59;103,4;250;180;140;28,6;500;340;250;36;;350;45;10;103;190;166,7;50,9
Černý Ceylon;Golden Garden;;;50;140;97;44,4;200;450;350;28,6;500;1090;850;28,3;;1270;74;10;269;650;89,2;30,8
Černý Gruzie;Grusia OP;;;100;100;58;72,5;200;180;110;63,7;500;390;250;56;;340;44;10;83;185;127,3;42
Černý Gruzie;Gruzia Likhauri;;;50;200;154;29,9;200;740;580;27,6;500;1790;1420;26,1;;2150;118;10;445;1090;69,5;23
Černý Gruzie;Gruzia Kolkhida;;;50;200;154;29,9;200;740;580;27,6;500;1790;1420;26,1;;2150;118;10;445;1090;69,5;23
Černý Gruzie;Rize - žluté i červené;;;500;250;208;20,2;250;180;120;50;1000;490;410;19,6;;300;160;10;90;315;56,3;16,8
Čínský  Světlý  Pchu-Er;2010 Simao Zhuan Cha - cihla 250g;;;250;650;486;33,8;100;380;240;58,4;750;1650;1450;13,8;;;180;10;87;555;261,2;25,3
Čínský  Světlý  Pchu-Er;2017 Sheng Tuocha 100g - Lan Cang;;posledních 10ks;100;350;260;34,7;;;;;;;;;;;130;10;15;15;169,3;25,8
Čínský  Světlý  Pchu-Er;2012 Sheng ping cha - 400g - wu liang;;;400;1040;780;33,4;100;320;190;68,5;1200;2890;2370;22;;;520;10;145;1575;100;25
Čínský  Světlý  Pchu-Er;2012 Simao Gushu tuocha 100g;;jen 3ks;100;550;300;83,4;;;;;;;;;;;200;10;15;15;175;45,5
Čínský  Světlý  Pchu-Er;2017 Jing Mai Gushu Orijin - Divocak 100g;;;100;990;648;52,8;300;2500;1990;25,7;;;;;;;240;10;735;15;312,5;34,6
Čínský  Světlý  Pchu-Er;2023 Simao Orijin koláček Xiao 100g;;;100;350;210;66,7;300;950;660;44;500;1490;1080;38;;;140;10;435;715;150;40
Čínský  Světlý  Pchu-Er;2022 Lao Ban Zhan koláček 100g;;;100;290;180;61,2;300;750;570;31,6;500;1090;930;17,3;;;120;10;375;615;141,7;38
Čínský  Světlý  Pchu-Er;2019 Bang Wei Gushu - mini;;jen eshop, mame jen posledních asi 900g;8;200;186;7,6;45;1150;1080;6,5;100;1990;1890;5,3;;;93;10;539;1178;115,1;7
Čínský  Světlý  Pchu-Er;1992 Lao Maocha;;sypany;50;310;225;37,8;200;1240;930;33,4;500;2980;2280;30,8;;2800;150;10;615;1515;106,7;27,5
Čínský  Světlý  Pchu-Er;2019 Maocha Sheng Puerh;;sypany, máme pouze 2kg;40;250;168;48,9;200;990;890;11,3;;;;;;1150;56;10;295;15;346,5;32,8
Čínský  Světlý  Pchu-Er;2023 Maocha Sheng Pchu-er;;sypany;40;180;124;45,2;200;690;540;27,8;500;1590;1300;22,4;;1150;56;10;245;590;221,5;31,2
Čínský Tmavý Pchu-Er;2004 Mini tuocha Lao Meng Hai;;máme jen my - poslední cca 2000g;50;590;405;45,7;200;2190;1650;32,8;;;;;;5200;270;10;1095;15;118,6;31,4
Čínský Tmavý Pchu-Er;2023 Mini tuocha Wu Liang;;;50;120;90;33,4;200;450;340;32,4;500;990;800;23,8;;1000;60;10;255;615;100;25
Čínský Tmavý Pchu-Er;2017 tuocha - orijin - Jing Mai - 100g;;nejde moc jinde koupit;100;390;300;30;300;1130;930;21,6;500;1830;1530;19,7;;;150;10;465;765;160;23,1
Čínský Tmavý Pchu-Er;2023 tuocha - orijin - Simao - 100g;;;100;300;215;39,6;300;890;670;32,9;500;1450;1100;31,9;;;165;10;510;840;81,9;28,4
Čínský Tmavý Pchu-Er;2007 tuocha - Meng Hai - 100g;;nelze koupit, jen co je v čajovně, případně zruš;100;650;459;41,7;;;;;;;;;;;270;10;15;15;140,8;29,4
Čínský Tmavý Pchu-Er;2006 tuocha - Long Sheng - 90g;;posledních asi 9ks;90;890;640;39,1;;;;;;;;;;;320;10;15;15;178,2;28,1
Čínský Tmavý Pchu-Er;2017 cihla - orijin - Ai Lao Shan 100g;;máme jen my cca 70ks;100;490;360;36,2;300;1420;1130;25,7;500;2320;1850;25,5;;;120;10;375;615;308,4;26,6
Čínský Tmavý Pchu-Er;2023 cihla - orijin - Simao 100g;;;100;350;280;25;300;1050;870;20,7;500;1750;1430;22,4;;;140;10;435;715;150;20
Čínský Tmavý Pchu-Er;2012 cihla - orijin - Wu Liang 250g ;;;250;550;390;41,1;500;950;700;35,8;1000;1790;1380;29,8;;;260;10;535;1055;111,6;29,1
Čínský Tmavý Pchu-Er;2003 cihla - Yi Wu 250g;;;250;1450;1125;28,9;100;650;410;58,6;500;2490;1970;26,4;;;750;10;315;1515;93,4;22,5
Čínský Tmavý Pchu-Er;2014 cihla - Yong Zhen 250g;;posledních 5ks;250;1040;840;23,9;;;;;;;;;;;280;10;15;15;271,5;19,3
Čínský Tmavý Pchu-Er;2021 cihla - Yong Zhen 250g;;;250;750;494;51,9;100;390;220;77,3;500;1290;1010;27,8;;;380;10;167;775;97,4;34,2
Čínský Tmavý Pchu-Er;1988 cihla s mistrem 500g;;poslední jsou jen ve skladu a v čajovně;500;1450;1200;20,9;;;;;;;;;;;600;10;15;15;141,7;17,3
Čínský Tmavý Pchu-Er;2006 koláč - Long Sheng žlutý;;;356;1890;1500;26;;;;;;;;;;;1000;10;15;15;89;20,7
Čínský Tmavý Pchu-Er;2007 koláč - Long Sheng hnědý s červeným listem;;posledních 11ks;356;2490;2000;24,5;;;;;;;;;;;1000;10;15;15;149;19,7
Čínský Tmavý Pchu-Er;2016 koláč - Bang Wai 357g;;poslední 1 kus;356;1750;1500;16,7;;;;;;;;;;;500;10;15;15;250;14,3
Čínský Tmavý Pchu-Er;2015 koláč - Jing Dong 357g;;máme jen my 70ks;356;1850;1200;54,2;100;690;460;50;;;;;;;600;10;184;15;208,4;35,2
Čínský Tmavý Pchu-Er;2016 koláč - Dingzang 357g;;gong ting, 2017 koláč - Dingzang 357g;356;2270;1800;26,2;100;730;560;30,4;;;;;;;600;10;184;15;278,4;20,8
Čínský Tmavý Pchu-Er;2023 koláč - orijin - Simao 357g;;;356;990;715;38,5;;;;;;;;;;;550;10;15;15;80;27,8
Čínský Tmavý Pchu-Er;2002 Tibetský čaj 650g;;;250;1490;1200;24,2;;;;;;;;;;;750;10;15;15;98,7;19,5
Čínský Tmavý Pchu-Er;2003 Tibetský čaj 260g;;poslední 2ks na světě;260;1280;975;31,3;;;;;;;;;;;750;;;;;
Čínský Tmavý Pchu-Er;2017 koláč - orijin - Jing Mai 200g;;;200;590;495;19,2;;;;;600;1690;1510;12;;;330;10;15;1005;78,8;16,2
Čínský Tmavý Pchu-Er;2009 Mandarinky;;vlož uvodní fotku té mandarinky rozbalené prosím;50;320;251;27,5;200;1250;1030;21,4;500;3070;2530;21,4;;3650;193;10;787;1945;65,9;21,6
Čínský Tmavý Pchu-Er;2022 Ancha - košíček 500g;;;50;220;163;35;500;1990;1650;20,7;;;;;;2300;125;10;1265;15;76;26
Čínský Tmavý Pchu-Er;2010-2014 Cha Tou Simao;;sypaný;50;230;180;27,8;200;850;750;13,4;500;1990;1830;8,8;;2200;120;10;495;1215;91,7;21,8
Čínský Tmavý Pchu-Er;2003 Shu Pchu-er Klasik;;sypaný, skladem 1000g;50;250;129;93,8;200;950;440;116;;;;;;650;43;10;145;15;481,4;48,4
Čínský Tmavý Pchu-Er;2012 Shu Pchu-er Klasik;;sypaný, skladem 15kg;50;180;112;60,8;200;590;400;47,5;500;1240;950;30,6;;920;56;10;199;475;221,5;37,8
Čínský Tmavý Pchu-Er;2023 Shu Pchu-er Klasik;;sypaný, skladem hodně;50;120;84;42,9;200;360;260;38,5;500;780;620;25,9;;920;56;10;199;475;114,3;30
Čínský Tmavý Pchu-Er;Shu Pchu-er Superior;;sypaný;50;160;128;25;200;520;410;26,9;500;1250;1000;25;;1500;85;10;315;765;88,3;20
Čínský Tmavý Pchu-Er;2016 Gong Ting Yi Wu;;sypaný;50;290;240;20,9;200;1150;930;23,7;;;;;;3000;160;10;615;15;81,3;17,3
Yerba Mate  Všechny;Kraus Organic Bio ;;zelené;100;140;76;84,3;500;350;210;66,7;1500;820;570;43,9;;140;38;10;150;435;268,5;84,3
Yerba Mate  Všechny;Kraus Gaucho - Sin Palo (jen listy);;červené;100;160;92;74;500;450;270;66,7;1500;1050;730;43,9;;180;46;10;190;555;247,9;74
Yerba Mate  Všechny;Pipore Tradicional;;červené;100;110;60;83,4;500;250;160;56,3;1500;690;410;68,3;;100;30;10;110;315;266,7;83,4
Yerba Mate  Všechny;Pipore Despalda Sin Palo (jen listy);;modré;100;130;68;91,2;500;350;190;84,3;1500;790;490;61,3;;120;34;10;130;375;282,4;91,2
Yerba Mate  Všechny;Pipore Terere Listo (velkolisté);;ochucené;100;110;60;83,4;500;350;160;118,8;1500;750;410;83;;100;30;10;110;315;266,7;83,4
Yerba Mate  Všechny;Pajarito Tradicional;;;100;110;60;83,4;500;250;160;56,3;1500;690;410;68,3;;100;30;10;110;315;266,7;83,4
Yerba Mate  Všechny;Pajarito Premium Despalda (jemné);;;100;130;76;71,1;500;350;210;66,7;1500;890;570;56,2;;140;38;10;150;435;242,2;71,1
Yerba Mate  Všechny;Taragui Sin Palo (jen listy);;modré;100;110;64;71,9;500;350;170;105,9;1500;790;450;75,6;;110;32;10;120;345;243,8;71,9
Yerba Mate  Všechny;Taragui Con Palo (listy, větvičky, prach);;červené;100;110;60;83,4;500;280;160;75;1500;690;410;68,3;;100;30;10;110;315;266,7;83,4
Yerba Mate  Všechny;CBSe Guarana;;;100;110;58;89,7;500;280;150;86,7;1500;690;390;77;;95;29;10;105;300;279,4;89,7
Yerba Mate  Všechny;CBSe Hierbas ;;;100;110;58;89,7;500;280;150;86,7;1500;690;390;77;;95;29;10;105;300;279,4;89,7
Yerba Mate  Všechny;CBSe Frutos de Bosque;;;100;110;58;89,7;500;280;150;86,7;1500;690;390;77;;95;29;10;105;300;279,4;89,7
Yerba Mate  Všechny;CBSe Frutos de Valle;;;100;110;58;89,7;500;280;150;86,7;1500;690;390;77;;95;29;10;105;300;279,4;89,7
Yerba Mate  Všechny;Curupira Mango Marakuja;;;100;150;76;97,4;500;350;210;66,7;1500;890;570;56,2;;140;38;10;150;435;294,8;97,4
Yerba Mate  Všechny;Mate Green Limao;;;100;150;96;56,3;400;350;230;52,2;1200;890;610;46;;150;48;10;160;465;212,5;56,3
Yerba Mate  Všechny;Mate Green Silueta;;;100;130;86;51,2;400;350;200;75;1200;790;530;49,1;;130;43;10;140;405;202,4;51,2
Yerba Mate  Všechny;Rosamonte Klasik Yerba Mate;;;100;110;56;96,5;500;250;140;78,6;1500;690;380;81,6;;90;28;10;100;285;292,9;96,5
Yerba Mate  Všechny;Farmářské;;;100;180;100;80;500;490;300;63,4;1500;1290;800;61,3;;200;50;10;210;615;260;80
Yerba Mate  Všechny;Pampero;;;100;160;120;33,4;500;480;370;29,8;1000;850;670;26,9;;500;60;10;260;515;166,7;33,4
Yerba Mate  Všechny;Maté Salida Del Sol - citrónové;;;100;130;100;30;250;210;160;31,3;500;350;280;25;;400;50;10;110;215;160;30
Rooibos A Honeybush;Broskvový rooibos Capetown;;;50;90;70;28,6;200;350;260;34,7;500;750;540;38,9;;800;50;10;170;415;80;22,3
Rooibos A Honeybush;Honeybush;;;50;90;70;28,6;200;350;260;34,7;500;750;540;38,9;;800;50;10;170;415;80;22,3
Rooibos A Honeybush;Karamelový rooibos Caramel;;;50;90;70;28,6;200;350;260;34,7;500;750;540;38,9;;800;50;10;170;415;80;22,3
Rooibos A Honeybush;Limetkový Rooibos Lemon;;;50;90;70;28,6;200;350;260;34,7;500;750;540;38,9;;800;50;10;170;415;80;22,3
Rooibos A Honeybush;Red Fruit Rooibos - zelený;;;50;90;70;28,6;200;350;260;34,7;500;750;540;38,9;;800;50;10;170;415;80;22,3
Rooibos A Honeybush;Lesní ovoce Rooibos - červený;;;50;90;70;28,6;200;350;260;34,7;500;750;540;38,9;;800;50;10;170;415;80;22,3
Rooibos A Honeybush;Rooibos zelený Green BIO;;;50;90;70;28,6;200;350;260;34,7;500;750;540;38,9;;800;50;10;170;415;80;22,3
Rooibos A Honeybush;Rooibos červený Super Grade;;;50;90;70;28,6;200;350;260;34,7;500;750;540;38,9;;800;50;10;170;415;80;22,3
Zelené Aromaticke;Sencha Maharádža;;;50;90;53;69,9;200;280;170;64,8;500;490;350;40;;500;35;10;110;265;157,2;41,2
Zelené Aromaticke;Sencha Hawaiflower;;;50;90;53;69,9;200;280;170;64,8;500;490;350;40;;500;35;10;110;265;157,2;41,2
Zelené Aromaticke;Sencha Japan Lime ;;;50;90;53;69,9;200;280;170;64,8;500;490;350;40;;500;35;10;110;265;157,2;41,2
Zelené Aromaticke;Sencha Wildcherry;;;50;90;53;69,9;200;280;170;64,8;500;490;350;40;;500;35;10;110;265;157,2;41,2
Zelené Aromaticke;Vánoční Wintertime;;;100;150;105;42,9;200;280;200;40;500;590;410;44;;600;70;10;130;315;114,3;30
Zelené Aromaticke;Touareg;;;100;140;90;55,6;500;490;390;25,7;1000;840;670;25,4;;500;60;10;260;515;133,4;35,8
Černé Aromaticke;Borůvkový čaj;;;50;100;45;122,3;200;280;140;100;500;490;280;75;;400;30;10;90;215;233,4;55
Černé Aromaticke;Earl Grey ROYAL;;;100;200;165;21,3;200;400;320;25;500;1000;670;49,3;;1000;110;10;210;515;81,9;17,5
Černé Aromaticke;Glögg;;;50;100;50;100;200;280;150;86,7;500;490;320;53,2;;450;33;10;100;240;203,1;50
Černé Aromaticke;Kokosový;;;50;100;50;100;200;280;150;86,7;500;490;320;53,2;;450;33;10;100;240;203,1;50
Černé Aromaticke;Liči;;;50;100;60;66,7;200;280;200;40;500;590;410;44;;600;40;10;130;315;150;40
Černé Aromaticke;Lady Grey;;;50;100;60;66,7;200;280;200;40;500;590;410;44;;600;40;10;130;315;150;40
Černé Aromaticke;Vanilkový čaj ;;;50;100;50;100;200;280;150;86,7;500;490;320;53,2;;450;33;10;100;240;203,1;50
Černé Aromaticke;Vánoční čaj;;;100;150;112;34;200;280;200;40;500;590;410;44;;600;70;10;130;315;114,3;25,4
Bylinky;Karkade - Ibišek;;;80;100;57;75,5;200;180;110;63,7;500;350;250;40;;350;38;10;80;190;163,2;43
Bylinky;Cesmína velkolistá;;;40;150;105;42,9;200;550;410;34,2;500;1290;1000;29;;1500;70;10;310;765;114,3;30
Bylinky;Jiogulan - ženšen;;;50;180;138;30,5;200;590;470;25,6;500;1450;1160;25;;1750;98;10;360;890;83,7;23,4
Bylinky;Lemongras;;;40;80;45;77,8;200;260;150;73,4;500;490;350;40;;500;30;10;110;265;166,7;43,8
Bylinky;Nana Máta;;;50;70;45;55,6;200;200;120;66,7;500;390;280;39,3;;400;30;10;90;215;133,4;35,8
Bylinky;Hloh - sušený plod;;;50;120;83;44,6;200;360;250;44;500;850;610;39,4;;900;55;10;190;465;118,2;30,9
Bylinky;Yogi koření;;;80;170;133;27,9;200;420;320;31,3;500;990;770;28,6;;1150;102;10;240;590;66,7;21,8
Bylinky;Mateřídouška - nať;;;40;60;29;106,9;200;150;70;114,3;500;250;160;56,3;;180;18;10;46;105;233,4;51,7
Bylinky;Meduňka - nať;;;40;60;31;93,6;200;150;80;87,5;500;250;180;38,9;;210;19;10;52;120;215,8;48,4
Bylinky;Třezalka - nať;;;50;60;34;76,5;200;150;80;87,5;500;250;180;38,9;;210;21;10;52;120;185,8;43,4
Bylinky;Heřmánek - květ;;;30;70;44;59,1;200;250;180;38,9;500;590;440;34,1;;550;27;10;120;290;159,3;37,2
Bylinky;Měsíček - květ;;;40;60;37;62,2;200;180;120;50;500;350;270;29,7;;320;23;10;74;175;160,9;38,4
Bylinky;Lipový květ;;;40;90;63;42,9;200;350;260;34,7;500;780;590;32,3;;800;42;10;170;415;114,3;30
Bylinky;Ginko Biloba - list;;;50;80;45;77,8;200;180;120;50;500;390;290;34,5;;350;28;10;80;190;185,8;43,8
Bylinky;Lišejník Islandský;;;40;80;44;81,9;200;250;140;78,6;500;430;330;30,4;;410;27;10;92;220;196,3;45
Bylinky;Vilcacora - kůra;;;50;130;64;103,2;200;360;200;80;500;650;480;35,5;;600;40;10;130;315;225;50,8
Bylinky;Lapacho - kůra;;;80;130;74;75,7;200;250;150;66,7;500;550;360;52,8;;450;46;10;100;240;182,7;43,1
Bylinky;Kotvičník - nať;;;50;80;50;60;200;250;150;66,7;500;450;340;32,4;;420;31;10;94;225;158,1;37,5
Bylinky;Borůvčí - nať;;;50;60;32;87,5;200;150;80;87,5;500;250;180;38,9;;200;20;10;50;115;200;46,7
Bylinky;Jasmín - květ;;;30;120;84;42,9;200;590;440;34,1;500;1390;1080;28,8;;1400;52;10;290;715;130,8;30
Bylinky;Sib. ženšen - Eleuterokok - kořen;;;50;80;47;70,3;200;240;130;84,7;500;410;310;32,3;;380;29;10;86;205;175,9;41,3
Bylinky;Šišák Bajkalský - kořen;;;50;150;104;44,3;200;490;350;40;500;1090;850;28,3;;1100;65;10;230;565;130,8;30,7
Bylinky;Pampeliška - kořen;;;50;80;45;77,8;200;240;130;84,7;500;410;300;36,7;;360;28;10;82;195;185,8;43,8
Bylinky;Šípek - plod drcený;;;50;90;40;125;200;250;110;127,3;500;390;250;56;;300;25;10;70;165;260;55,6
Bylinky;Jitrocel - list;;;50;60;31;93,6;200;150;70;114,3;500;220;160;37,5;;180;19;10;46;105;215,8;48,4
Bylinky;Šalvěj - nať;;;50;60;32;87,5;200;150;80;87,5;500;220;180;22,3;;200;20;10;50;115;200;46,7
Bylinky;Levandule - květ;;;50;80;56;42,9;200;230;170;35,3;500;520;400;30;;500;35;10;110;265;128,6;30
Bylinky;Bambus - list;;;30;130;88;47,8;200;610;470;29,8;500;1460;1150;27;;1500;55;10;310;765;136,4;32,4
Bylinky;Řimbaba - nať;;;40;90;61;47,6;200;310;230;34,8;500;720;550;31;;700;38;10;150;365;136,9;32,3
Bylinky;Maliník - listy;;;50;60;32;87,5;200;150;80;87,5;500;220;170;29,5;;190;20;10;48;110;200;46,7
Bylinky;Rakytník - plod;;;50;100;69;45;200;320;210;52,4;500;650;510;27,5;;650;43;10;140;340;132,6;31
Bylinky;Aronie - plod;;;50;80;39;105,2;200;190;100;90;500;310;240;29,2;;280;24;10;66;155;233,4;51,3
Bylinky;Chmel;;;30;80;39;105,2;200;290;150;93,4;500;490;360;36,2;;450;24;10;100;240;233,4;51,3
Bylinky;Hořká okurka;;;40;120;90;33,4;200;490;360;36,2;500;1120;890;25,9;;1150;56;10;240;590;114,3;25
Bylinky;Modrý čaj - Clitoria;;;30;150;98;53,1;100;390;280;39,3;250;850;680;25;;1300;49;10;140;340;206,2;34,7
Bylinky;Galgán kořen;;;50;120;112;7,2;200;380;380;0;;;;;;1200;70;10;250;15;71,5;6,7
Bylinky;Kontryhel nať;;;40;80;42;90,5;200;250;130;92,4;500;550;410;34,2;;380;26;10;86;205;207,7;47,5
Bylinky;Verbena;;;25;140;53;164,2;100;450;150;200;250;960;480;100;;900;33;10;100;240;324,3;62,2